{
  "__version__": "1.0.3",
  "builder": {
    "taskOptionsMap": {},
    "__version__": "1.3.9"
  },
  "gizmos-infos": {
    "is2D": true,
    "is3DIcon": false,
    "iconSize": 2,
    "gridVisible": true,
    "originAxis2D": {
      "x_visible": true,
      "y_visible": true,
      "z_visible": false
    },
    "originAxis3D": {
      "x_visible": true,
      "y_visible": false,
      "z_visible": true
    },
    "gridColor": [
      166,
      166,
      166,
      255
    ],
    "transformToolName": "position",
    "pivot": "pivot",
    "coordinate": "local",
    "toolsVisibility3d": true
  },
  "snap-configs": {
    "position": {
      "x": 1,
      "y": 1,
      "z": 1
    },
    "rotation": 1,
    "scale": 1,
    "isPositionSnapEnabled": false,
    "isRotationSnapEnabled": false,
    "isScaleSnapEnabled": false
  },
  "rect-snap-configs": {
    "enableSnapping": true,
    "snapThreshold": 4
  },
  "float-window": {
    "position": {
      "cc": {
        "Camera": {
          "dock": false,
          "top": null,
          "bottom": 10,
          "left": null,
          "right": 10
        },
        "ParticleSystem": {
          "dock": false,
          "top": null,
          "bottom": 10,
          "left": null,
          "right": 10
        },
        "Terrain": {
          "dock": false,
          "top": null,
          "bottom": 10,
          "left": null,
          "right": 10
        }
      }
    }
  },
  "camera-infos": {
    "86eff593-53d0-4c82-9dd2-e682cdadc3f3": {
      "position": {
        "x": 39.41054369049662,
        "y": 59.73739503007281,
        "z": 77.91202056799808
      },
      "rotation": {
        "x": -0.3437954107376866,
        "y": 0.29546993800560123,
        "z": 0.11492271105943905,
        "w": 0.8839089329509328
      },
      "viewCenter": {
        "x": 26.76830042296637,
        "y": 40.46877357131103,
        "z": 61.11516014561013
      },
      "contentRect": {
        "x": -382.52100840336135,
        "y": -142.18487394957984,
        "width": 1521,
        "height": 765
      },
      "scale": 0.74375
    },
    "82adda42-2832-4c2d-90bf-c533ede4d561": {
      "position": {
        "x": 15.346287383747423,
        "y": 15.346287383747416,
        "z": 15.346287383747416
      },
      "rotation": {
        "x": -0.27984814233312133,
        "y": 0.3647051996310009,
        "z": 0.11591689595929512,
        "w": 0.8804762392171493
      },
      "viewCenter": {
        "x": 0,
        "y": 0,
        "z": 0
      },
      "contentRect": {
        "x": 0,
        "y": 0,
        "width": 1740,
        "height": 935
      },
      "scale": 1
    },
    "d6ba0f08-65ee-4a78-b5fa-93ef7f71d9ea": {
      "position": {
        "x": 15.346287383747423,
        "y": 15.346287383747416,
        "z": 15.346287383747416
      },
      "rotation": {
        "x": -0.27984814233312133,
        "y": 0.3647051996310009,
        "z": 0.11591689595929512,
        "w": 0.8804762392171493
      },
      "viewCenter": {
        "x": 0,
        "y": 0,
        "z": 0
      },
      "contentRect": {
        "x": 0,
        "y": 0,
        "width": 1740,
        "height": 935
      },
      "scale": 1
    },
    "326b556b-aa70-48f4-b168-2b191026924e": {
      "position": {
        "x": 18.20911003150175,
        "y": 18.209110031501748,
        "z": 18.209110031501744
      },
      "rotation": {
        "x": -0.27984814233312133,
        "y": 0.3647051996310009,
        "z": 0.11591689595929512,
        "w": 0.8804762392171493
      },
      "viewCenter": {
        "x": 0,
        "y": 0,
        "z": 0
      },
      "contentRect": {
        "x": 0,
        "y": 0,
        "width": 1646,
        "height": 788
      },
      "scale": 1
    },
    "5ee37aac-70f3-40c5-aa91-a0c83e200ac6": {
      "position": {
        "x": 21.480207641951164,
        "y": 21.480207641951157,
        "z": 21.480207641951154
      },
      "rotation": {
        "x": -0.27984814233312133,
        "y": 0.3647051996310009,
        "z": 0.11591689595929512,
        "w": 0.8804762392171493
      },
      "viewCenter": {
        "x": 0,
        "y": 0,
        "z": 0
      },
      "contentRect": {
        "x": 0,
        "y": 0,
        "width": 1646,
        "height": 668
      },
      "scale": 1
    },
    "b777216f-0ea8-492e-a9ab-dc5e4a9e171f": {
      "position": {
        "x": 22.812048816920385,
        "y": 22.81204881692038,
        "z": 22.812048816920377
      },
      "rotation": {
        "x": -0.27984814233312133,
        "y": 0.3647051996310009,
        "z": 0.11591689595929512,
        "w": 0.8804762392171493
      },
      "viewCenter": {
        "x": 0,
        "y": 0,
        "z": 0
      },
      "contentRect": {
        "x": 0,
        "y": 0,
        "width": 1646,
        "height": 629
      },
      "scale": 1
    },
    "d55c2bdd-1f02-47e8-bdf8-82b3879f2c29": {
      "position": {
        "x": 22.812048816920385,
        "y": 22.81204881692038,
        "z": 22.812048816920377
      },
      "rotation": {
        "x": -0.27984814233312133,
        "y": 0.3647051996310009,
        "z": 0.11591689595929512,
        "w": 0.8804762392171493
      },
      "viewCenter": {
        "x": 0,
        "y": 0,
        "z": 0
      },
      "contentRect": {
        "x": 0,
        "y": 0,
        "width": 1646,
        "height": 629
      },
      "scale": 1
    },
    "24c95112-c834-4e17-aa37-d85978659eb7": {
      "position": {
        "x": 22.812048816920385,
        "y": 22.81204881692038,
        "z": 22.812048816920377
      },
      "rotation": {
        "x": -0.27984814233312133,
        "y": 0.3647051996310009,
        "z": 0.11591689595929512,
        "w": 0.8804762392171493
      },
      "viewCenter": {
        "x": 0,
        "y": 0,
        "z": 0
      },
      "contentRect": {
        "x": 0,
        "y": 0,
        "width": 1646,
        "height": 629
      },
      "scale": 1
    },
    "14d86725-9307-43a3-be99-f9fe6c22910e": {
      "position": {
        "x": 15.733309983371747,
        "y": 15.73330998337174,
        "z": 15.73330998337174
      },
      "rotation": {
        "x": -0.27984814233312133,
        "y": 0.3647051996310009,
        "z": 0.11591689595929512,
        "w": 0.8804762392171493
      },
      "viewCenter": {
        "x": 0,
        "y": 0,
        "z": 0
      },
      "contentRect": {
        "x": 0,
        "y": 0,
        "width": 849,
        "height": 912
      },
      "scale": 1
    },
    "659cb8fa-2ea3-4d36-b7ae-34601cc309d0": {
      "position": {
        "x": 16.342572556746447,
        "y": 16.342572556746447,
        "z": 16.34257255674644
      },
      "rotation": {
        "x": -0.27984814233312133,
        "y": 0.3647051996310009,
        "z": 0.11591689595929512,
        "w": 0.8804762392171493
      },
      "viewCenter": {
        "x": 0,
        "y": 0,
        "z": 0
      },
      "contentRect": {
        "x": 0,
        "y": 0,
        "width": 1416,
        "height": 878
      },
      "scale": 1
    },
    "e3879265-c2d4-4960-9ab6-ebe7500bd2c7": {
      "position": {
        "x": 4.743259410608054,
        "y": 4.743259410608049,
        "z": 4.743259410608051
      },
      "rotation": {
        "x": -0.27984814233312133,
        "y": 0.3647051996310009,
        "z": 0.11591689595929512,
        "w": 0.8804762392171493
      },
      "viewCenter": {
        "x": 0,
        "y": 0,
        "z": 0
      },
      "contentRect": {
        "x": 0,
        "y": 0,
        "width": 1606,
        "height": 822
      },
      "scale": 1
    },
    "956c6eeb-83d9-4506-9ac0-276dd4ecba14": {
      "position": {
        "x": 702,
        "y": 230,
        "z": 5000
      },
      "rotation": {
        "x": 0,
        "y": 0,
        "z": 0,
        "w": 1
      },
      "viewCenter": {
        "x": 114.72185321952423,
        "y": 97.98828214668364,
        "z": 491.5294880005516
      },
      "contentRect": {
        "x": -81.5,
        "y": -198,
        "width": 1567,